Path,Article Title,External Url,Internal Url,No Index,Last Modified,Last Modified By
"/content/help/en/adobe-connect/using",using,,,false,2016-01-05 14:02:59,some_user1
"/content/help/en/adobe-connect/using/accessibility-features",Accessibility features in Adobe Connect,https://helpx.adobe.com/adobe-connect/using/accessibility-features.html,https://helpx-internal.corp.adobe.com/content/help/en/adobe-connect/using/accessibility-features.html,false,2025-03-20 17:57:16,some_user2
"/content/help/en/adobe-connect/using/accessibility-features1",Accessibility features in Adobe Connect,https://helpx.adobe.com/adobe-connect/using/accessibility-features1.html,https://helpx-internal.corp.adobe.com/content/help/en/adobe-connect/using/accessibility-features.html,true,2025-01-22 14:53:12,some_user3
"/content/help/en/adobe-connect/using/add-connect-meeting-invite-calendar",Connect an external calendar,https://helpx.adobe.com/adobe-connect/using/add-connect-meeting-invite-calendar.html,,false,2025-03-20 17:57:16,some_user4
"/content/help/en/adobe-connect/using/adobe-connect-12-9-release-notes",Adobe Connect 12.9 Release Notes,,,false,2025-02-07 09:35:03,some_user5
"/content/help/en/adobe-connect/using/adobe-connect-ai-help-assistant",Adobe Connect AI-powered Help Assistant (Beta),,,false,2025-03-21 10:55:53,some_user6
"/content/help/en/adobe-connect/using/adobe-connect-application-for-desktop",Adobe Connect application for desktop,https://helpx.adobe.com/adobe-connect/using/adobe-connect-application-for-desktop.html,,false,2024-08-07 14:24:07,some_user7
"/content/help/en/adobe-connect/using/adobe-connect-html5-capabilities",Adobe Connect browser app capabilities,https://helpx.adobe.com/adobe-connect/adobe-connect-html5-capabilities.html,https://helpx-internal.corp.adobe.com/content/help/en/adobe-connect/adobe-connect-html5-capabilities.html,false,2025-02-07 11:14:39,some_user8
"/content/help/en/adobe-connect/using/adobe-connect-html5-capabilities1",Adobe Connect browser app capabilities,https://helpx.adobe.com/adobe-connect/using/adobe-connect-html5-capabilities1.html,https://helpx-internal.corp.adobe.com/content/help/en/adobe-connect/adobe-connect-html5-capabilities.html,true,2025-01-22 14:53:12,some_user9
"/content/help/en/adobe-connect/using/adobe-connect-mobile-app",Adobe Connect Mobile App,https://helpx.adobe.com/adobe-connect/using/adobe-connect-mobile-app.html,,false,2025-03-20 17:57:15,some_user10
"/content/help/en/adobe-connect/using/adobe-connect-mobile-app-interface",Take a tour of the Adobe Connect mobile app interface,https://helpx.adobe.com/adobe-connect/using/adobe-connect-mobile-app-interface.html,,false,2025-03-20 17:57:15,some_user11
"/content/help/en/adobe-connect/using/adobe-connect-mobile-app-test",Adobe Connect Mobile App,,,false,2025-03-20 17:57:14,some_user12
"/content/help/en/adobe-connect/using/adobe-connect-mobile-app1",[Old content BACKUP] Adobe Connect Mobile app,https://helpx.adobe.com/adobe-connect/using/adobe-connect-mobile-app.html,,false,2025-02-06 02:12:20,some_user13
"/content/help/en/adobe-connect/using/adobe-connect-mobile-app2",Adobe Connect Mobile app,https://helpx.adobe.com/adobe-connect/using/adobe-connect-mobile-app.html,,false,2025-03-18 15:47:05,some_user14
"/content/help/en/adobe-connect/using/adobe-connect-mobile-classic-new-features",Mobile Apps - Adobe Connect Classic vs Adobe Connect New,https://helpx.adobe.com/adobe-connect/using/adobe-connect-mobile-classic-new-features.html,,false,2023-06-06 18:14:01,some_user15
"/content/help/en/adobe-connect/using/archive",ARCHIVE,,,false,2025-03-12 13:15:58,some_user16
"/content/help/en/adobe-connect/using/attendees",Manage attendees in Attendees pod,https://helpx.adobe.com/adobe-connect/using/attendees.html,https://helpx-internal.corp.adobe.com/content/help/en/adobe-connect/using/attendees.html,false,2025-03-03 17:21:37,some_user17
"/content/help/en/adobe-connect/using/attendees-pod",Attendees pod,https://helpx.adobe.com/adobe-connect/using/attendees-pod.html,,true,2025-03-03 17:21:34,some_user18
"/content/help/en/adobe-connect/using/attendees1",Manage attendees in Attendees pod,https://helpx.adobe.com/adobe-connect/using/attendees1.html,,true,2025-01-22 14:53:12,some_user19
"/content/help/en/adobe-connect/using/attendees11",Manage attendees in Attendees pod,https://helpx.adobe.com/adobe-connect/using/attendees.html,,false,2025-01-22 10:46:53,some_user20
"/content/help/en/adobe-connect/using/attending-connect-events",Attend Adobe Connect Events,https://helpx.adobe.com/adobe-connect/using/attending-connect-events.html,https://helpx-internal.corp.adobe.com/content/help/en/adobe-connect/using/attending-connect-events.html,false,2025-03-03 17:21:33,some_user21
"/content/help/en/adobe-connect/using/audio-in-sessions",Audio in sessions,,,false,2024-09-23 05:33:34,some_user22
"/content/help/en/adobe-connect/using/audio-meetings",Audio in Adobe Connect meetings,https://helpx.adobe.com/adobe-connect/using/audio-meetings.html,,false,2025-03-20 17:57:12,some_user23
"/content/help/en/adobe-connect/using/audio-meetings-video",Audio in Adobe Connect meetings: video guide,,,false,2024-09-19 15:28:24,some_user24
"/content/help/en/adobe-connect/using/audio-video-in-breakout-rooms",Audio and video in breakout rooms,,,false,2024-08-27 06:44:45,some_user25
"/content/help/en/adobe-connect/using/backstage-for-adobe-connect-meeting",Backstage for Adobe Connect session,https://helpx.adobe.com/adobe-connect/using/backstage-for-adobe-connect-meeting.html,,false,2025-03-03 17:21:29,some_user26
"/content/help/en/adobe-connect/using/backstage-for-adobe-connect-meeting1",Backstage for Adobe Connect session,https://helpx.adobe.com/adobe-connect/using/backstage-for-adobe-connect-meeting1.html,,true,2025-01-22 14:53:12,some_user27
"/content/help/en/adobe-connect/using/backstage-for-adobe-connect-meeting11",Backstage for Adobe Connect session,https://helpx.adobe.com/adobe-connect/using/backstage-for-adobe-connect-meeting.html,,false,2025-01-22 10:42:51,some_user28
"/content/help/en/adobe-connect/using/breakout-rooms",Breakout rooms in Adobe Connect meetings,https://helpx.adobe.com/adobe-connect/using/breakout-rooms.html,https://helpx-internal.corp.adobe.com/content/help/en/adobe-connect/using/breakout-rooms.html,false,2024-11-18 16:27:19,some_user29
"/content/help/en/adobe-connect/using/broadcast-controls-green-room",Broadcast controls,https://helpx.adobe.com/adobe-connect/using/broadcast-controls-green-room.html,,true,2025-03-03 17:21:25,some_user30
"/content/help/en/adobe-connect/using/browser-behavior-change",Upcoming Browser Behavior Changes: What users need to know,https://helpx.adobe.com/adobe-connect/using/updating-meetings.html,,false,2020-12-15 10:54:39,some_user31
"/content/help/en/adobe-connect/using/chat-pod",Chat pod,https://helpx.adobe.com/adobe-connect/using/chat-pod.html,,false,2025-03-03 17:21:24,some_user32
"/content/help/en/adobe-connect/using/chat-pod1",Chat pod,https://helpx.adobe.com/adobe-connect/using/chat-pod1.html,,true,2025-01-22 14:53:11,some_user33
"/content/help/en/adobe-connect/using/closed-captioning-html-client",Closed captioning in Adobe Connect,https://helpx.adobe.com/adobe-connect/using/closed-captioning-html-client.html,https://helpx-internal.corp.adobe.com/content/help/en/adobe-connect/using/closed-captioning-html-client.html,false,2025-03-03 17:21:21,some_user34
"/content/help/en/adobe-connect/using/conduct-breakout-room",Conduct a breakout room,https://helpx.adobe.com/adobe-connect/using/conduct-breakout-room.html,,true,2025-03-03 17:21:19,some_user35
"/content/help/en/adobe-connect/using/conducting-training-connect",Conduct trainings with Adobe Connect,https://helpx.adobe.com/adobe-connect/using/conducting-training-connect.html,https://helpx-internal.corp.adobe.com/content/help/en/adobe-connect/using/conducting-training-connect.html,false,2025-03-03 17:21:19,some_user36
"/content/help/en/adobe-connect/using/connect-central-home-page",Adobe Connect Central home page,https://helpx.adobe.com/adobe-connect/using/connect-central-home-page.html,,false,2025-03-03 17:21:17,some_user37
"/content/help/en/adobe-connect/using/connect-collaborate-succeed","Connect\, collaborate\, succeed",,,false,2024-08-14 07:19:48,some_user38
"/content/help/en/adobe-connect/using/connect-events",About Adobe Connect Events,https://helpx.adobe.com/adobe-connect/using/connect-events.html,https://helpx-internal.corp.adobe.com/content/help/en/adobe-connect/using/connect-events.html,false,2025-03-03 17:21:14,some_user39
"/content/help/en/adobe-connect/using/connect-keyboard-shortcut",Keyboard shortcuts in Adobe Connect,https://helpx.adobe.com/adobe-connect/using/connect-keyboard-shortcut.html,,false,2025-03-03 17:21:14,some_user40
"/content/help/en/adobe-connect/using/connect-keyboard-shortcut/connect-keyboard-shortcut",Keyboard shortcuts in Adobe Connect Classic,https://helpx.adobe.com/adobe-connect/using/connect-keyboard-shortcut.html,,false,2022-04-07 21:22:27,some_user41
"/content/help/en/adobe-connect/using/connect-keyboard-shortcut1",Keyboard shortcuts in Adobe Connect,https://helpx.adobe.com/adobe-connect/using/connect-keyboard-shortcut1.html,,true,2025-01-22 14:53:11,some_user42
"/content/help/en/adobe-connect/using/connect-keyboard-shortcut1/connect-keyboard-shortcut",Keyboard shortcuts in Adobe Connect Classic,https://helpx.adobe.com/adobe-connect/using/connect-keyboard-shortcut.html,,false,2025-01-22 10:42:52,some_user43
"/content/help/en/adobe-connect/using/connect-keyboard-shortcut11",Keyboard shortcuts in Adobe Connect,https://helpx.adobe.com/adobe-connect/using/connect-keyboard-shortcut.html,,false,2025-01-22 10:44:09,some_user44
"/content/help/en/adobe-connect/using/connect-keyboard-shortcut11/connect-keyboard-shortcut",Keyboard shortcuts in Adobe Connect Classic,https://helpx.adobe.com/adobe-connect/using/connect-keyboard-shortcut.html,,false,2025-01-22 10:44:10,some_user45
"/content/help/en/adobe-connect/using/connect-to-video-call",Connect to video call,,,false,2024-09-19 06:14:38,some_user46
"/content/help/en/adobe-connect/using/connect-training",About Adobe Connect courses and curriculum for training,https://helpx.adobe.com/adobe-connect/using/connect-training.html,,false,2025-03-03 17:21:14,some_user47
"/content/help/en/adobe-connect/using/connect_central_basics",Connect Central basics,https://helpx.adobe.com/adobe-connect/using/connect_central_basics.html,https://helpx-internal.corp.adobe.com/content/help/en/adobe-connect/using/connect_central_basics.html,false,2025-02-27 08:57:40,some_user48
"/content/help/en/adobe-connect/using/connection-test-connect-meeting",Adobe Connect pre-meeting diagnostic test,https://helpx.adobe.com/adobe-connect/using/connection-test-connect-meeting.html,,false,2024-07-22 08:15:16,some_user49
"/content/help/en/adobe-connect/using/content-content-library",Work with content in the Content library,https://helpx.adobe.com/adobe-connect/using/content-content-library.html,,false,2025-03-03 17:21:13,some_user50
"/content/help/en/adobe-connect/using/content-dashboard",Content dashboard,,,false,2024-10-01 12:23:32,some_user51
"/content/help/en/adobe-connect/using/content-library-overview",Content library overview,,,false,2024-11-04 10:54:14,some_user52
"/content/help/en/adobe-connect/using/convert-and-download-recordings",Convert and download recordings,,,false,2024-08-13 07:29:19,some_user53
"/content/help/en/adobe-connect/using/create-an-audio-profile",Create an audio profile,,,false,2024-08-12 17:36:49,some_user54
"/content/help/en/adobe-connect/using/create-and-manage-breakout-rooms",Create breakout rooms,https://helpx.adobe.com/adobe-connect/using/create-and-manage-breakout-rooms.html,,true,2025-03-03 17:21:09,some_user55
"/content/help/en/adobe-connect/using/creating-arranging-meetings",Create virtual meeting rooms and arrange layouts,https://helpx.adobe.com/adobe-connect/using/creating-arranging-meetings.html,,false,2025-03-03 17:21:07,some_user56
"/content/help/en/adobe-connect/using/creating-arranging-meetings/default-room-layouts-for-adobe-connect-12-5",Default room templates for Adobe Connect 12.5,https://helpx.adobe.com/adobe-connect/using/creating-arranging-meetings/default-room-layouts-for-adobe-connect-12-5.html,,false,2023-09-15 13:43:46,some_user57
"/content/help/en/adobe-connect/using/creating-arranging-meetings/meeting-room-settings",Configure session access,https://helpx.adobe.com/adobe-connect/using/creating-arranging-meetings/meeting-room-settings.html,,false,2024-09-19 17:27:19,some_user58
"/content/help/en/adobe-connect/using/creating-editing-events",Create and edit Adobe Connect Events,https://helpx.adobe.com/adobe-connect/using/creating-editing-events.html,https://helpx-internal.corp.adobe.com/content/help/en/adobe-connect/using/creating-editing-events.html,false,2025-03-03 17:21:05,some_user59
"/content/help/en/adobe-connect/using/creating-editing-events/create-and-edit-adobe-connect-events-for-adobe-connect-12-4",Create and edit Adobe Connect Events for Adobe Connect 12.4,https://helpx.adobe.com/adobe-connect/using/creating-editing-events/create-and-edit-adobe-connect-events-for-adobe-connect-12-4.html,,false,2023-06-08 14:52:16,some_user60
"/content/help/en/adobe-connect/using/creating-importing-users-groups",Create and import users and groups in Adobe Connect,https://helpx.adobe.com/adobe-connect/using/creating-importing-users-groups.html,,false,2023-05-09 09:41:00,some_user61
"/content/help/en/adobe-connect/using/creating-importing-users-groups/auditing-and-updating-login-options",Audit and Update Login Options in Adobe Connect,,,false,2025-03-07 22:10:37,some_user62
"/content/help/en/adobe-connect/using/creating-seminars",Create and manage seminars,https://helpx.adobe.com/adobe-connect/using/creating-seminars.html,https://helpx-internal.corp.adobe.com/content/help/en/adobe-connect/using/creating-seminars.html,false,2025-03-03 17:21:04,some_user63
"/content/help/en/adobe-connect/using/creating-training-courses",Create training courses in Adobe Connect,https://helpx.adobe.com/adobe-connect/using/creating-training-courses.html,https://helpx-internal.corp.adobe.com/content/help/en/adobe-connect/using/creating-training-courses.html,false,2025-03-03 17:21:03,some_user64
"/content/help/en/adobe-connect/using/creating-training-curriculums",Create and manage training curriculum in Adobe Connect,https://helpx.adobe.com/adobe-connect/using/creating-training-curriculums.html,https://helpx-internal.corp.adobe.com/content/help/en/adobe-connect/using/creating-training-curriculums.html,false,2025-03-03 17:21:01,some_user65
"/content/help/en/adobe-connect/using/creating-virtual-classrooms",About Virtual Classrooms in Adobe Connect,https://helpx.adobe.com/adobe-connect/using/creating-virtual-classrooms.html,https://helpx-internal.corp.adobe.com/content/help/en/adobe-connect/using/creating-virtual-classrooms.html,false,2025-03-03 17:20:58,some_user66
"/content/help/en/adobe-connect/using/custom-pods",Custom pods,https://helpx.adobe.com/adobe-connect/using/custom-pods.html,,false,2025-03-20 17:57:09,some_user67
"/content/help/en/adobe-connect/using/deploy-offline-help",Deploy Adobe Connect offline Help bundle,https://helpx.adobe.com/adobe-connect/using/deploy-offline-help.html,,false,2022-10-06 08:46:31,some_user68
"/content/help/en/adobe-connect/using/deployment-models",Deployment models,,,false,2024-08-09 13:42:57,some_user69
"/content/help/en/adobe-connect/using/edit-recording-transcript",Edit recording transcript,https://helpx.adobe.com/adobe-connect/using/edit-recording-transcript.html,,false,2025-03-03 17:20:54,some_user70
"/content/help/en/adobe-connect/using/edit-session-recording",Edit session recording,https://helpx.adobe.com/adobe-connect/using/edit-session-recording.html,,false,2025-03-03 17:20:54,some_user71
"/content/help/en/adobe-connect/using/enable-audio-in-sessions",Enable audio in sessions,,,false,2024-09-22 11:45:18,some_user72
"/content/help/en/adobe-connect/using/enable-automated-closed-captions",Use automated closed captions,,,false,2024-10-10 09:25:05,some_user73
"/content/help/en/adobe-connect/using/enable-captions",Enable closed captions,,,false,2024-09-29 12:28:43,some_user74
"/content/help/en/adobe-connect/using/engagement-dashboard-pod",Engagement dashboard pod,https://helpx.adobe.com/adobe-connect/using/engagement-dashboard-pod.html,,true,2025-03-03 17:20:53,some_user75
"/content/help/en/adobe-connect/using/engagement-dashboard-pod1",Engagement dashboard pod,https://helpx.adobe.com/adobe-connect/using/engagement-dashboard-pod.html,,false,2025-01-22 10:21:36,some_user76
"/content/help/en/adobe-connect/using/engagement-dashboard-pod11",Engagement dashboard pod,https://helpx.adobe.com/adobe-connect/using/engagement-dashboard-pod.html,,false,2025-01-22 10:26:02,some_user77
"/content/help/en/adobe-connect/using/enter-meeting-room",Enter and leave a session,,,false,2024-09-19 17:13:17,some_user78
"/content/help/en/adobe-connect/using/event-analytics-for-webinars",Event analytics for webinars,https://helpx.adobe.com/adobe-connect/using/event-analytics-for-webinars.html,https://helpx-internal.corp.adobe.com/content/help/en/adobe-connect/using/event-analytics-for-webinars.html,false,2025-03-03 17:20:48,some_user79
"/content/help/en/adobe-connect/using/event-analytics-for-webinars1",Event analytics for webinars,https://helpx.adobe.com/adobe-connect/using/event-analytics-for-webinars1.html,,true,2025-01-22 14:53:10,some_user80
"/content/help/en/adobe-connect/using/event-analytics-for-webinars11",Event analytics for webinars,https://helpx.adobe.com/adobe-connect/using/event-analytics-for-webinars.html,,false,2025-01-22 10:45:09,some_user81
"/content/help/en/adobe-connect/using/events",Manage Adobe Connect Events,https://helpx.adobe.com/adobe-connect/using/events.html,https://helpx-internal.corp.adobe.com/content/help/en/adobe-connect/using/events.html,false,2025-03-03 17:20:46,some_user82
"/content/help/en/adobe-connect/using/files-pod",Files pod,https://helpx.adobe.com/adobe-connect/using/files-pod.html,,false,2025-03-03 17:20:45,some_user83
"/content/help/en/adobe-connect/using/general-faq-adobe-connect-features",General FAQs on Adobe Connect features,https://helpx.adobe.com/adobe-connect/using/general-faq-adobe-connect-features.html,,true,2025-03-03 08:28:13,some_user84
"/content/help/en/adobe-connect/using/get-started-adobe-connect-mobile-app",Get started with Adobe Connect Mobile App,https://helpx.adobe.com/adobe-connect/using/get-started-adobe-connect-mobile-app.html,,false,2025-03-20 17:57:08,some_user85
"/content/help/en/adobe-connect/using/help-assistant-user-disclosures",Adobe Generative AI User Disclosures,https://helpx.adobe.com/adobe-connect/using/help-assistant-user-disclosures.html,https://helpx-internal.corp.adobe.com/content/help/en/adobe-connect/using/help-assistant-user-disclosures.html,false,2025-03-20 17:57:05,some_user86
"/content/help/en/adobe-connect/using/helpmap",Helpmap,https://helpx.adobe.com/adobe-connect/using/helpmap.html,https://helpx-internal.corp.adobe.com/content/help/en/adobe-connect/using/helpmap.html,false,2025-02-26 10:13:10,some_user87
"/content/help/en/adobe-connect/using/hold-and-end-meeting",Hold and end session,,,false,2024-09-03 05:37:50,some_user88
"/content/help/en/adobe-connect/using/interactive-webinars",Interactive webinars,https://helpx.adobe.com/adobe-connect/using/interactive-webinars.html,,false,2025-02-26 06:48:30,some_user89
"/content/help/en/adobe-connect/using/invite-attendees-and-grant-or-deny-access",Invite attendees and provide access,,,false,2024-09-09 10:12:30,some_user90
"/content/help/en/adobe-connect/using/joining-experience",Joining a meeting,,,false,2024-05-09 07:05:09,some_user91
"/content/help/en/adobe-connect/using/key-features-adobe-connect-mobile-app",Key features of the Adobe Connect mobile app,https://helpx.adobe.com/adobe-connect/using/key-features-adobe-connect-mobile-app.html,,false,2025-03-20 17:57:05,some_user92
"/content/help/en/adobe-connect/using/launch-workflow-changes-post11-2",Key changes in Meeting Launch and Recording Playback workflows with Adobe Connect 11.2,https://helpx.adobe.com/adobe-connect/using/launch-workflow-changes-post11-2.html,https://helpx-internal.corp.adobe.com/content/help/en/adobe-connect/using/launch-workflow-changes-post11-2.html,false,2024-07-22 08:15:02,some_user93
"/content/help/en/adobe-connect/using/layouts",Layouts,https://helpx.adobe.com/adobe-connect/using/layouts.html,,true,2025-03-03 17:20:42,some_user94
"/content/help/en/adobe-connect/using/library-files-folders",Work with Adobe Connect library files and folders,https://helpx.adobe.com/adobe-connect/using/library-files-folders.html,,false,2025-03-03 17:20:41,some_user95
"/content/help/en/adobe-connect/using/login-experience",Enter a session,,,false,2024-09-12 14:33:47,some_user96
"/content/help/en/adobe-connect/using/manage-audio-in-sessions",Manage audio in sessions,,,false,2024-09-23 04:37:28,some_user97
"/content/help/en/adobe-connect/using/manage-content",Manage content,,,false,2024-11-04 11:16:17,some_user98
"/content/help/en/adobe-connect/using/manage-pods",Pod management,https://helpx.adobe.com/adobe-connect/using/manage-pods.html,,true,2025-03-03 17:20:38,some_user99
"/content/help/en/adobe-connect/using/manage-profile-preferences-mobile-app",Manage profile and preferences in the Adobe Connect mobile app,https://helpx.adobe.com/adobe-connect/using/manage-profile-preferences-mobile-app.html,,false,2025-03-20 17:57:04,some_user100
"/content/help/en/adobe-connect/using/manage-recorded-sessions",Manage session recordings,https://helpx.adobe.com/adobe-connect/using/manage-recorded-sessions.html,,false,2025-03-03 17:20:37,some_user101
"/content/help/en/adobe-connect/using/manage-share-pod",Manage share pod,,,false,2024-09-23 10:10:49,some_user102
"/content/help/en/adobe-connect/using/manual-third-party-captioning",Manual and third-party captioning,https://helpx.adobe.com/adobe-connect/using/manual-third-party-captioning.html,,true,2025-03-03 17:20:35,some_user103
"/content/help/en/adobe-connect/using/meeting-basics",Adobe Connect meeting room basics,https://helpx.adobe.com/adobe-connect/using/meeting-basics.html,https://helpx-internal.corp.adobe.com/content/help/en/adobe-connect/using/meeting-basics.html,false,2024-07-22 08:15:00,some_user104
"/content/help/en/adobe-connect/using/mic-speaker-and-camera","Speaker\, microphone\, and camera controls",https://helpx.adobe.com/adobe-connect/using/mic-speaker-and-camera.html,,true,2025-03-20 17:57:02,some_user105
"/content/help/en/adobe-connect/using/microsoft-outlook-add-in-for-adobe-connect",Microsoft Outlook Add-in for Adobe Connect,,,false,2025-03-20 09:27:39,some_user106
"/content/help/en/adobe-connect/using/microsoft-outlook-add-in-for-adobe-connect1",Microsoft Outlook Add-in for Adobe Connect,https://helpx.adobe.com/adobe-connect/using/microsoft-outlook-add-in-for-adobe-connect.html,,false,2024-11-11 10:35:53,some_user107
"/content/help/en/adobe-connect/using/monitoring-training-reports",Adobe Connect reports to monitor training features,https://helpx.adobe.com/adobe-connect/using/monitoring-training-reports.html,https://helpx-internal.corp.adobe.com/content/help/en/adobe-connect/using/monitoring-training-reports.html,false,2025-03-03 17:20:33,some_user108
"/content/help/en/adobe-connect/using/morehelp",More Help Container,https://helpx.adobe.com/adobe-connect/using/morehelp.html,https://helpx-internal.corp.adobe.com/content/help/en/adobe-connect/using/morehelp.html,true,2020-05-20 07:03:04,some_user109
"/content/help/en/adobe-connect/using/morehelp/administering_adobe_connect",Administering Adobe Connect,https://helpx.adobe.com/adobe-connect/using/morehelp/administering_adobe_connect.html,,true,2019-08-07 14:36:02,some_user110
"/content/help/en/adobe-connect/using/morehelp/adobe_connect_events",Adobe Connect Events,https://helpx.adobe.com/adobe-connect/using/morehelp/adobe_connect_events.html,,true,2019-08-07 14:36:02,some_user111
"/content/help/en/adobe-connect/using/morehelp/adobe_connect_meeting",Adobe Connect Meeting,https://helpx.adobe.com/adobe-connect/using/morehelp/adobe_connect_meeting.html,,true,2019-08-07 14:36:01,some_user112
"/content/help/en/adobe-connect/using/morehelp/adobe_connect_training_and_seminars",Adobe Connect Training and Seminars,https://helpx.adobe.com/adobe-connect/using/morehelp/adobe_connect_training_and_seminars.html,,true,2019-08-07 14:36:01,some_user113
"/content/help/en/adobe-connect/using/morehelp/audio_and_video_conferencing",Audio and video conferencing,https://helpx.adobe.com/adobe-connect/using/morehelp/audio_and_video_conferencing.html,,true,2020-07-07 05:40:11,some_user114
"/content/help/en/adobe-connect/using/morehelp/introduction",Introduction,https://helpx.adobe.com/adobe-connect/using/morehelp/introduction.html,,true,2019-08-07 14:36:01,some_user115
"/content/help/en/adobe-connect/using/morehelp/managing_content",Managing content,https://helpx.adobe.com/adobe-connect/using/morehelp/managing_content.html,,true,2019-10-10 09:08:43,some_user116
"/content/help/en/adobe-connect/using/notes-chat-q-a-polls","Notes\, chat\, Q&A\, polls\, and quiz in Adobe Connect meeting",https://helpx.adobe.com/adobe-connect/using/notes-chat-q-a-polls.html,,false,2024-08-21 10:05:54,some_user117
"/content/help/en/adobe-connect/using/notes-pod",Notes pod,https://helpx.adobe.com/adobe-connect/using/notes-pod.html,,false,2025-03-03 17:20:32,some_user118
"/content/help/en/adobe-connect/using/notes-pod1",Notes pod,https://helpx.adobe.com/adobe-connect/using/notes-pod1.html,,true,2025-01-22 14:53:08,some_user119
"/content/help/en/adobe-connect/using/offline-recordings",Offline recordings,,,false,2024-08-13 07:25:39,some_user120
"/content/help/en/adobe-connect/using/organize-content",Organize content,,,false,2024-09-24 11:13:53,some_user121
"/content/help/en/adobe-connect/using/participant-engagement-level",Participant engagement level,,,false,2024-07-16 12:08:35,some_user122
"/content/help/en/adobe-connect/using/participating-training-sessions-meetings",Participate in Adobe Connect training sessions and meetings,https://helpx.adobe.com/adobe-connect/using/participating-training-sessions-meetings.html,https://helpx-internal.corp.adobe.com/content/help/en/adobe-connect/using/participating-training-sessions-meetings.html,false,2025-03-03 17:20:32,some_user123
"/content/help/en/adobe-connect/using/playback-a-recorded-session",Playback a recorded session,,,false,2025-01-21 10:19:45,some_user124
"/content/help/en/adobe-connect/using/pods-in-sessions",Understanding pods,https://helpx.adobe.com/adobe-connect/using/pods-in-sessions.html,,false,2025-03-03 17:20:32,some_user125
"/content/help/en/adobe-connect/using/pods-in-sessions1",Understanding pods,https://helpx.adobe.com/adobe-connect/using/pods-in-sessions1.html,,true,2025-02-18 17:15:21,some_user126
"/content/help/en/adobe-connect/using/poll-pod",Poll pod,https://helpx.adobe.com/adobe-connect/using/poll-pod.html,,false,2025-03-03 17:20:30,some_user127
"/content/help/en/adobe-connect/using/poll-pod1",Poll pod,https://helpx.adobe.com/adobe-connect/using/poll-pod1.html,,true,2025-01-22 14:53:08,some_user128
"/content/help/en/adobe-connect/using/pop-out-video-video-pod",Pop out video from Video pod,https://helpx.adobe.com/adobe-connect/using/pop-out-video-video-pod.html,,false,2025-03-20 17:57:01,some_user129
"/content/help/en/adobe-connect/using/pop-out-video-video-pod1",Pop out video from Video pod,https://helpx.adobe.com/adobe-connect/using/pop-out-video-video-pod1.html,,true,2025-01-22 14:53:08,some_user130
"/content/help/en/adobe-connect/using/pop-out-video-video-pod11",Pop out video from Video pod,https://helpx.adobe.com/adobe-connect/using/pop-out-video-video-pod.html,,false,2025-01-22 10:47:26,some_user131
"/content/help/en/adobe-connect/using/q-a-pod",Q & A pod,https://helpx.adobe.com/adobe-connect/using/q-a-pod.html,,false,2025-03-03 17:20:25,some_user132
"/content/help/en/adobe-connect/using/q-a-pod1",Q & A pod,https://helpx.adobe.com/adobe-connect/using/q-a-pod1.html,,true,2025-01-22 14:53:08,some_user133
"/content/help/en/adobe-connect/using/quiz-pod",Quiz pod,https://helpx.adobe.com/adobe-connect/using/quiz-pod.html,,false,2025-03-03 17:20:21,some_user134
"/content/help/en/adobe-connect/using/quiz-pod1",Quiz pod,https://helpx.adobe.com/adobe-connect/using/quiz-pod1.html,,true,2025-01-22 14:53:08,some_user135
"/content/help/en/adobe-connect/using/quiz-pod11",Quiz pod,https://helpx.adobe.com/adobe-connect/using/quiz-pod.html,,false,2025-01-22 10:42:04,some_user136
"/content/help/en/adobe-connect/using/reactions",Reactions in Adobe Connect room,https://helpx.adobe.com/adobe-connect/using/reactions.html,,false,2025-02-24 04:10:06,some_user137
"/content/help/en/adobe-connect/using/record-a-session",Record a session,https://helpx.adobe.com/adobe-connect/using/record-a-session.html,,false,2025-03-03 17:20:20,some_user138
"/content/help/en/adobe-connect/using/recording-playing-back-meetings",Record and play back Adobe Connect meetings,https://helpx.adobe.com/adobe-connect/using/recording-playing-back-meetings.html,https://helpx-internal.corp.adobe.com/content/help/en/adobe-connect/using/recording-playing-back-meetings.html,false,2024-11-18 16:27:07,some_user139
"/content/help/en/adobe-connect/using/recordings-in-standard-view-rooms",Recordings in standard view rooms,https://helpx.adobe.com/adobe-connect/using/recordings-in-standard-view-rooms.html,,true,2025-02-18 09:26:05,some_user140
"/content/help/en/adobe-connect/using/roles-in-adobe-connect-room",Roles in an Adobe Connect room,https://helpx.adobe.com/adobe-connect/using/roles-in-adobe-connect-room.html,https://helpx-internal.corp.adobe.com/content/help/en/adobe-connect/using/roles-in-adobe-connect-room.html,false,2025-03-20 17:57:01,some_user141
"/content/help/en/adobe-connect/using/room-templates",Room templates,,,false,2024-08-29 10:43:57,some_user142
"/content/help/en/adobe-connect/using/schedule-a-session",Schedule a session,https://helpx.adobe.com/adobe-connect/using/schedule-a-session.html,,false,2025-03-21 10:10:35,some_user143
"/content/help/en/adobe-connect/using/screen-sharing-in-sessions",Share your screen,https://helpx.adobe.com/adobe-connect/using/screen-sharing-in-sessions.html,,false,2025-03-03 17:20:19,some_user144
"/content/help/en/adobe-connect/using/screen-sharing-in-sessions1",Share your screen,https://helpx.adobe.com/adobe-connect/using/screen-sharing-in-sessions1.html,,true,2025-01-22 14:53:07,some_user145
"/content/help/en/adobe-connect/using/screen-sharing-on-browser",Screen sharing on browser,https://helpx.adobe.com/adobe-connect/using/screen-sharing-on-browser.html,,false,2024-09-24 09:14:46,some_user146
"/content/help/en/adobe-connect/using/search-adobe-connect-features",Search Adobe Connect features,https://helpx.adobe.com/adobe-connect/using/search-adobe-connect-features.html,,false,2025-03-21 17:52:29,some_user147
"/content/help/en/adobe-connect/using/search-for-content",Search for content,,,false,2024-11-04 11:21:04,some_user148
"/content/help/en/adobe-connect/using/session-dashboard",Session dashboard,https://helpx.adobe.com/adobe-connect/using/session-dashboard.html,,false,2024-11-18 16:27:03,some_user149
"/content/help/en/adobe-connect/using/sessions",Sessions,,,false,2024-08-09 12:19:32,some_user150
"/content/help/en/adobe-connect/using/set-permissions-library-files-folders",Manage file and folder permissions,https://helpx.adobe.com/adobe-connect/using/set-permissions-library-files-folders.html,https://helpx-internal.corp.adobe.com/content/help/en/adobe-connect/connect-central-admin/connect-central-group-permissions.html,false,2025-02-27 08:57:39,some_user151
"/content/help/en/adobe-connect/using/set-up-load-balancing-webrtc",Set up load balancing for on premise setup of Enhanced Audio/Video (WebRTC),https://helpx.adobe.com/adobe-connect/using/set-up-load-balancing-webrtc.html,,false,2022-11-23 06:36:25,some_user152
"/content/help/en/adobe-connect/using/setting-permissions-library-files-folders",Set permissions for library files and folders,https://helpx.adobe.com/adobe-connect/using/setting-permissions-library-files-folders.html,,false,2025-02-26 16:07:10,some_user153
"/content/help/en/adobe-connect/using/setting-permissions-library-files-folders/setting-permissions-library-files-folders",Set permissions for library files and folders,https://helpx.adobe.com/adobe-connect/using/setting-permissions-library-files-folders.html,,false,2025-01-27 17:30:43,some_user154
"/content/help/en/adobe-connect/using/share-a-document","Share presentations\, documents\, images\, music\, and videos",https://helpx.adobe.com/adobe-connect/using/share-a-document.html,,false,2025-03-03 17:20:18,some_user155
"/content/help/en/adobe-connect/using/share-a-document1","Share presentations\, documents\, images\, music\, and videos",https://helpx.adobe.com/adobe-connect/using/share-a-document1.html,,true,2025-01-22 14:53:07,some_user156
"/content/help/en/adobe-connect/using/share-a-presentation",Share a presentation,https://helpx.adobe.com/adobe-connect/using/share-a-presentation.html,,false,2024-09-24 09:14:46,some_user157
"/content/help/en/adobe-connect/using/share-a-whiteboard",Share a whiteboard,https://helpx.adobe.com/adobe-connect/using/share-a-whiteboard.html,,false,2025-03-03 17:20:16,some_user158
"/content/help/en/adobe-connect/using/share-a-whiteboard1",Share a whiteboard,https://helpx.adobe.com/adobe-connect/using/share-a-whiteboard1.html,,true,2025-01-22 14:53:07,some_user159
"/content/help/en/adobe-connect/using/share-files",Share files,https://helpx.adobe.com/adobe-connect/using/share-files.html,,false,2024-09-24 09:41:57,some_user160
"/content/help/en/adobe-connect/using/share-pod",Sharing basics,https://helpx.adobe.com/adobe-connect/using/share-pod.html,,false,2025-03-03 17:20:15,some_user161
"/content/help/en/adobe-connect/using/share-pod1",Sharing basics,https://helpx.adobe.com/adobe-connect/using/share-pod1.html,,true,2025-01-22 14:53:07,some_user162
"/content/help/en/adobe-connect/using/share-pod11",Sharing basics,https://helpx.adobe.com/adobe-connect/using/share-pod.html,,false,2025-01-22 10:38:33,some_user163
"/content/help/en/adobe-connect/using/share-system-audio",Share system audio,https://helpx.adobe.com/adobe-connect/using/share-system-audio.html,,false,2024-09-24 09:14:46,some_user164
"/content/help/en/adobe-connect/using/share-webcam-video",Share camera,https://helpx.adobe.com/adobe-connect/using/share-webcam-video.html,,true,2025-03-20 17:57:00,some_user165
"/content/help/en/adobe-connect/using/sharing-content-meeting",Share content during an Adobe Connect meeting,https://helpx.adobe.com/adobe-connect/using/sharing-content-meeting.html,https://helpx-internal.corp.adobe.com/content/help/en/adobe-connect/using/sharing-content-meeting.html,false,2024-12-21 15:56:22,some_user166
"/content/help/en/adobe-connect/using/sharing-content-meeting1",Share content during an Adobe Connect meeting,https://helpx.adobe.com/adobe-connect/using/sharing-content-meeting.html,https://helpx-internal.corp.adobe.com/content/help/en/adobe-connect/using/sharing-content-meeting.html,false,2024-07-22 08:14:37,some_user167
"/content/help/en/adobe-connect/using/starting-attending-meetings","Start\, attend\, and manage Adobe Connect meetings and sessions",https://helpx.adobe.com/adobe-connect/using/starting-attending-meetings.html,,false,2024-11-18 16:26:59,some_user168
"/content/help/en/adobe-connect/using/trainings",Trainings,https://helpx.adobe.com/adobe-connect/using/trainings.html,,false,2025-03-03 17:20:12,some_user169
"/content/help/en/adobe-connect/using/understanding-breakout-rooms",Understanding breakout rooms,https://helpx.adobe.com/adobe-connect/using/understanding-breakout-rooms.html,,true,2025-03-03 17:20:12,some_user170
"/content/help/en/adobe-connect/using/understanding-closed-captions",Closed captions in Adobe Connect,https://helpx.adobe.com/adobe-connect/using/understanding-closed-captions.html,,true,2025-03-03 17:20:10,some_user171
"/content/help/en/adobe-connect/using/understanding-recordings-and-transcripts",Understanding recordings and transcripts,https://helpx.adobe.com/adobe-connect/using/understanding-recordings-and-transcripts.html,,false,2025-03-03 17:20:10,some_user172
"/content/help/en/adobe-connect/using/updating-meetings",Update and manage sessions,https://helpx.adobe.com/adobe-connect/using/updating-meetings.html,,false,2024-11-01 11:32:30,some_user173
"/content/help/en/adobe-connect/using/upload-content",Upload content,,,false,2024-11-25 07:22:49,some_user174
"/content/help/en/adobe-connect/using/use-connect-mobile-app-meeting",Use the Adobe Connect mobile app to attend the meeting,https://helpx.adobe.com/adobe-connect/using/use-connect-mobile-app-meeting.html,,false,2025-03-20 17:56:59,some_user175
"/content/help/en/adobe-connect/using/use-universal-voice",Use universal voice,,,false,2024-08-10 15:12:04,some_user176
"/content/help/en/adobe-connect/using/user-guide",Welcome to the Adobe Connect User Guide,https://helpx.adobe.com/adobe-connect/using/user-guide.html,,false,2025-03-03 17:20:10,some_user177
"/content/help/en/adobe-connect/using/video",video,,,false,2024-09-19 15:29:20,some_user178
"/content/help/en/adobe-connect/using/video-in-breakout-rooms",Video in breakout rooms,,,false,2024-08-27 05:43:52,some_user179
"/content/help/en/adobe-connect/using/video-meetings",Video in Adobe Connect meetings,https://helpx.adobe.com/adobe-connect/using/video-meetings.html,https://helpx-internal.corp.adobe.com/content/help/en/adobe-connect/using/video-meetings.html,false,2024-07-23 08:12:22,some_user180
"/content/help/en/adobe-connect/using/video-pod",Video pod,https://helpx.adobe.com/adobe-connect/using/video-pod.html,,true,2025-03-20 17:56:58,some_user181
"/content/help/en/adobe-connect/using/video-preferences",Video preferences,,,false,2025-01-21 10:12:20,some_user182
"/content/help/en/adobe-connect/using/video/adding-content-to-the-adobe-connect-content-library",Adding Content To The Adobe Connect Content Library,https://helpx.adobe.com/adobe-connect/using/video/adding-content-to-the-adobe-connect-content-library.html,,false,2024-11-18 12:13:24,some_user183
"/content/help/en/adobe-connect/using/video/audio-meetings-video",Creating an Audio Profile in Adobe Connect,https://helpx.adobe.com/adobe-connect/using/video/audio-meetings-video.html,,false,2024-11-18 12:13:24,some_user184
"/content/help/en/adobe-connect/using/video/backstage-for-adobe-connect-meeting",The Host and Presenter area in Adobe Connect,https://helpx.adobe.com/adobe-connect/using/video/backstage-for-adobe-connect-meeting.html,,false,2024-11-18 12:13:24,some_user185
"/content/help/en/adobe-connect/using/video/breakout-rooms-in-adobe-connect",Breakout Rooms in Adobe Connect,https://helpx.adobe.com/adobe-connect/using/video/breakout-rooms-in-adobe-connect.html,,false,2024-11-18 12:13:21,some_user186
"/content/help/en/adobe-connect/using/video/configure-audio-providers-universal-voice-video",Adobe Connect Universal Voice tutorial,https://helpx.adobe.com/adobe-connect/using/video/configure-audio-providers-universal-voice-video.html,,false,2024-09-27 11:10:57,some_user187
"/content/help/en/adobe-connect/using/video/event-registration-in-adobe-connect",Event Registration in Adobe Connect,https://helpx.adobe.com/adobe-connect/using/video/event-registration-in-adobe-connect.html,,false,2024-11-18 12:13:21,some_user188
"/content/help/en/adobe-connect/using/viewing-data-content",View reports and usage information about uploaded content,https://helpx.adobe.com/adobe-connect/using/viewing-data-content.html,,false,2025-03-03 17:20:09,some_user189
"/content/help/en/adobe-connect/using/viewing-data-meetings",View meeting reports and analytics data,https://helpx.adobe.com/adobe-connect/using/viewing-data-meetings.html,,false,2024-01-08 17:53:09,some_user190
"/content/help/en/adobe-connect/using/web-links-pod",Web Links pod,https://helpx.adobe.com/adobe-connect/using/web-links-pod.html,,true,2025-03-03 17:20:08,some_user191
"/content/help/en/adobe-connect/using/webinars",Webinars,https://helpx.adobe.com/adobe-connect/using/webinars.html,,false,2025-03-03 17:20:08,some_user192
"/content/help/en/adobe-connect/using/what-s-new-in-adobe-connect",What's New in Adobe Connect,https://helpx.adobe.com/adobe-connect/using/what-s-new-in-adobe-connect.html,https://helpx-internal.corp.adobe.com/content/help/en/adobe-connect/using/what-s-new-in-adobe-connect.html,false,2025-03-21 13:52:37,some_user193
"/content/help/en/adobe-connect/using/work-with-notifications-and-requests",Work with notifications and requests,,,false,2024-09-03 17:44:26,some_user194
"/content/help/en/adobe-connect/using/work-with-pods",Work with pods,,,false,2024-05-09 05:52:48,some_user195
"/content/help/en/adobe-connect/using/work-with-pods0",Work with pods,,,false,2024-09-23 05:15:30,some_user196
